url,title,content,depth,status
https://cats.com/how-do-cats-communicate-with-humans,10 Ways Your Cat Is Communicating With You - Cats.com,"Skip to content
CAT FOOD 
BEST RATED
DRY CAT FOOD
WET CAT FOOD
KITTEN FOOD
RECALLS
 CAT LITTER 
BEST RATED
CLUMPING
NON-CLUMPING
KITTEN LITTER
 LITTER BOX 
BEST RATED
SELF-CLEANING
SIFTING
MULTIPLE CATS
 CAT HEALTH 
CAT INSURANCE
PREVENTIVE CARE
CAT DISEASES
CAT SYMPTOMS
CAN CATS EAT…
 CAT BEHAVIOR 
CAT PSYCHOLOGY
BEHAVIORAL PROBLEMS
 CAT BREEDS RESOURCES 
CAT WEIGHT CALCULATOR
SYMPTOMS CHECKER
CAT NAME FINDER
CAT FORUM
CAT BASICS
 ABOUT

CAT BEHAVIOR  CAT PSYCHOLOGY

10 Ways Your Cat Is Communi",0,200
https://www.tuftandpaw.com/blogs/cat-guides/the-definitive-guide-to-cat-behavior-and-body-language?srsltid=AfmBOopAKZyNP0czgn7yg60blFpk71ZrL04HhyxC5VSUsC3sZwNdDuUe,"
      
      The Definitive Guide to Cat Behavior and Body Language
 – tuft + paw","SKIP TO MAIN CONTENT
Litter
Food
Treats
Furniture
tuft + paw Homepage
Japan
Log in
Search website
Open Cart
Article utility bar hidden

Now Reading: The Definitive Guide to Cat Behavior and Body Language

Share:

Share article on Facebook
Share article on Twitter
Share article on Pinterest
Home
Cat Education Center
The Definitive Guide to Cat Behavior and Body Language
35% Off Really Great Cat Litter

⭐⭐⭐⭐⭐ Spend less cleaning with cat litter that won’t track. Really Great Cat Litter’s unique pe",0,200
